url,metadata_reference
https://amazon-clone-website-project.vercel.app/,https://raw.githubusercontent.com/openphish/public_feed/refs/heads/main/feed.txt
https://sumedhae.uk/,https://raw.githubusercontent.com/openphish/public_feed/refs/heads/main/feed.txt
https://trorstartyio.webflow.io/,https://raw.githubusercontent.com/openphish/public_feed/refs/heads/main/feed.txt
https://trusted-verification-service-m4-35k8.vercel.app/violate/page.html,https://raw.githubusercontent.com/openphish/public_feed/refs/heads/main/feed.txt
https://edokiorro.com/landings/ro-or-edoki01x/?transaction_id=dHF0NFZPYkJKdHVnSURIVGpuN1ladz09,https://raw.githubusercontent.com/openphish/public_feed/refs/heads/main/feed.txt
http://unbouncepages.com/5675456/,https://raw.githubusercontent.com/openphish/public_feed/refs/heads/main/feed.txt
https://trusted-verification-service-m4-35k8.vercel.app/violate/appeal.html,https://raw.githubusercontent.com/openphish/public_feed/refs/heads/main/feed.txt
https://strobnix.vercel.app/managermentquan/M5wD9Rj3X7/F8tB2Qy1K0.html,https://raw.githubusercontent.com/openphish/public_feed/refs/heads/main/feed.txt
https://sp.zhabite.com/steamstore/tags/fr/Surr%C3%A9aliste/?snr=1_5_9__409,https://raw.githubusercontent.com/openphish/public_feed/refs/heads/main/feed.txt
https://sharefile8.pages.dev/8ggvti3i40b3gov9cp9q4nszoiztgizy51cmjyp3nwyoh4nmnlhkxoyylu...?ff4a404d7953da8ef17a88b0cfef5e9fmb0j4uyn=U2FsdGVkX18L3lAxDp5U+d2i1wcHsn85PdNPyT7Zv2gQjS8F6TC5HT8Fw7Gbk1uVLAIsMIAsBauVWWZTJRL8B+J0tNIEvQl+obEmvlrkwD0MCFxd/FbDnkhwy09QD4Top2giH4gKV1UCbFNvdxhmcX/8PFeY0zMd6H2PCy60HvngN3VMmeLoAarnCLXNKdxotSPsWJL8siA4/AUmZd4kjfl7U1JJldNR28WE0TBuFZ7YDWyCBUzN1lGQn0Rmx2oo/rtuNUvtgL8KFW1e0WEJOVgySAFbJxX4OsmauXo3gRfyUJr8AYFBxF4ZtnppV01w70W5aLh4zzoNisGfUrxrGDUaMKdV5KGlegR77cK+CqGyg+gs1lzApwW8zCxtiBDz1cDLbaxEGuK8dahVJuwezAsMrHE7DBtqB6LCIltImpf/OBIssJHPlyKaVrkoLxmrvplwl8BGGBO7dV9OTdDaQdQKd8cdjLysYYnqX3vERYytsIh4vAaEBtJXyFLsVoee0aaNECnsZudFAyhXgP+HKwrcTp34wK34ynvZSWvqCXU2GDmBHui1G+RvpVyw7eZ0fp4GlqwLFJB8JntzvLmPsECGX7eOpdplHogtYb2i0jLacbhHJnTfed3bbhJsH9zHcfb4PczedfHWv0HHodSRACbhnZ1lWuyIIIKazp3YdNErf9c6ylNuZMT5lKqS7gJUmm0Nd47+j7SoWCOm9hq1Rkdozpj1j3wGqK5jn1R9fmQ7IOG5GJNgxgEjlsCPwO8QvGpRwNd/dzwQBjwLo9fvoqRHwBVPTU+/Q3grK9E7aTmakdNjqZbtNzFvDArqGYzASpSNlchxWOS6NKDhZe4kEmWsfvCoYwf9TCvTQe3FRqmgJuETXmOl8VlIoWNSCA1R+IqhsoSyiA3Nw0FP6a6Uz9D4KCdcG2RLw2nLq7ylPhmFx/mQHbuMOJNNDQ9NyyKS72sNqwYMI5YKllQTWVxYl1u/AsIKaZ7c9C3UmMp0TWBKY7rJ1Fy38CoyDWgc8thwR21MJaFBCCXAzfNPtUy7z0NoPgciTrZ4+UElpyyxWVe4K2b1lvY9ikd7LJhtBFEgn3NWkS7APEtO77WTgS8gY7Sg3Yc6S6XoPxLz8D9FMEiKU46v6OfyUP6HdzO6NP1L1TGj1bs9Ur+m3G9sZr+GAWK91FqA9dM7S+1BVpeHy9WwNNbP/xIBT2v8Dh0MGE/HZZFaYXNtN8mXy1VY2jCXyiAAspP99R+4YDbED6k/Xt9QrFfkBhR3N0GMTk9p8OIYGJ7uSgVeC408x4MQtHVVbl36URlaBmzuiQvuSOgcMh4r7atDnSLCZ5W6c8HJz/ientv7aet6dMXO7P/kn+mmO2fN8m2cWNp9LjJDauJkRB7oJEYPCBYkPhFvdjcHkNOLkCYs3+V/DwnlgjWYeC9gyAgaBaEq4jjp1rOFas16hBs0in1hxjnI0HOl+GyvxwZpUQTy7t16yyDmNbfRW8UaIKqqLIKB4MPlzO37Fu9soF6jkf8w97hdBMWmYZgl+b040487WGVTNFmuHcvKrxi3x8bazZfhvP7zSxX9UYwOMpcgK6z5nBXSK0u1pS7I1/p+yV1RSI2hGZW30xelRgHFqwLcS+uRHrstrrIvHIoKXXiZ5aZTf6BQH/i7mVH/4uKPU0X1KRJ54IuiIFXmcGGmuPbEOccV4HVTKRnaXjIfHRFBXuXwp17IvfJUc5U1nY+HF1itp+ebFPIFc8OmRITeuMwZpzS3gWKwS/kCQO/xJVEqL8MjgGbRG2WC+csESQYNb28LLil6GcmnzJ09lCbazM02123KD87XLEN,https://raw.githubusercontent.com/openphish/public_feed/refs/heads/main/feed.txt
https://wells-fargo-verification.help/www.wellsfargo.com/,https://raw.githubusercontent.com/openphish/public_feed/refs/heads/main/feed.txt
https://pfeinb4nd0n0.vercel.app/violate/page.html,https://raw.githubusercontent.com/openphish/public_feed/refs/heads/main/feed.txt
https://sharefile8.pages.dev/l827d8z5hdpvhup?c4ad906e4ec8c1d5f7ad2f6d58a80b30mb0j9itv=U2FsdGVkX1+YaN1khFazJOemEuXJOTS/+3Ly9LDXv5u6qKQAAfWBYdBoPp8aSihi+v16de16NzsvX2qcEYnirEjdpsqVMt6r4zZG7EMrofQ6IFTN76hTja7InOTW3ZX8nApqXGrp3DvUGqC5uf2v1/GN7vKFDS3v9Tl6sQix9Z8vqAooJ+v4ohifcBYyst7J3af9eCFg2kOudMt+Z17AtX2RUWXbBL5chd26hWRdpvLDWlZrReTjr8q07ANX1cdSYZ1yID6npITn8RauXuisrm9jpyhQ7toKpe1tP2eRZBOyWgve7wV9/Ve7lGiHrvlRdEnFaIwm6lmujp5G9DxrvQhQJsZcm3m5cRlHD5sTbK8a2ecZD+Re0ocw7ucbMjUhv+yaG0AhnEyaiItAvp+6qd//OKnltZkBaz3IE9ZojWUQGnVPU1MESW7hkTGOWLuksIsGThHMZu7bVd71r3sI0OBuZLfjNiGXJxoKYTTj2+V3XTXbJVHrFgfpgJE9JXqXF30jJ9DnhxcoT6jOaGlEudrIZ7fx/OmLn1prMWjaTT6rE0wTVECs/qalzzOEWQ3mBIRe+waH/VLhc/4Xr9C9dqYPltpbgNBryZ3u/2sCzkF4fr0ALY653GDtmCoOf7x0gKCy+NOaNBNdW9V43MA8+xXFVydiHJwSG1/5icNYIRzc00Euubni4Ea0WJSX4pEt1/8kLCNqgeP3sBigFIlB+sq+vKDyMnQVdHwAdWE43yDYC6aUE84yOKF1P/Tvv/SIuvneHUnJymxnwbuL07N+T+STbJzcRDkcFsOP+/HSTqqwK1EYg4OU9nJ1aH2vlIUlLP6EXbgEi0PmLoX78EXyynRjYsycELhPlvnAQP2qnL3geKROUX7+L9mGF0bpkFjxtX2z87fSA/JTPpELZD0TPlanSNzpXy04+yxreJPIFS8FmW+ARPRady20Dv2o8hiXGSPn8uBW2WiFV7xYEWI71LelvJ1g2U05jDF6Ckf8ROD5/6xfDHyRRcfRkPHb3FkuV1V0xtQSA5fuQTm7GoPkQsYswQ0iIgclf5X9PsPBZVcjtB3r2xXObvbyt0Xbl25koBcKzLRhYu9iHujyKdFZ5nCgLBCNPPTi+cu5hCbEep85KXC+BBjzgCL72W1NArSMxik76/58K7lo2KWwP7MpfLa/QrZqToJhen2/K+BOJ9wx62QkwLwHgEdicTKQiUAPCYGR2ZnHXwlAIam2R6dDmPQSARMc1KIabil0yH0ATnUiQu2jQZTrvhjJN+LASnVwN9/uOyu0/337ojwaTg/zM+Eb2Xqpbpk9kzc2gzTs+KhpfDNiuu2vOFvWkmkSKluxe2PlRhbpVqfZRUxL/Y6tEna0c3i0yYob010LXGG25CTklXWABM4umXh9zS2nC+sUne2W7Th4u0vR+UZmDjFVYF5yhLtFGHUeLiAgEmr686E7Uy7krgSwNYa6t7Bs1kGBRNFeel/bqDhSY5tZI7H2RLDbHP3YU/JCH2/kCpJLlb/EivxZZZXRb/N6Y2qtwUeQscvYcB7TpVcYq1T4NGyzmkTR1on+hTofbB68zhP2Le+HnUQiCZJw0F2Lxg7atXyCihGzlFxfH31zMRxI80Jj45lT3jHgvjw6LLRC6DocJx8vnTUoNMtvGyRWmO4HH8x8cha9AT1uWiE1d/q6Za+uOv1oqDDM+Z2mRbWN3D5mGyQBOBXtH4KWSmvnQ4Lbq0OOTfvIFBKFkzB7gD+bQsTCqTOlUnsGNPj//1CtfFBz0H+JMWL11Ud4XOebWxJL7gd4aZCagKSFfPt5qqJgafBaxSqKTt7l7LJ9AIUcN,https://raw.githubusercontent.com/openphish/public_feed/refs/heads/main/feed.txt
http://kwirbeoykq.duckdns.org/de/,https://raw.githubusercontent.com/openphish/public_feed/refs/heads/main/feed.txt
https://sharefile8.pages.dev/rlxknc9qoyxbsuof7kvl+q5pbfszx2coo+gblps6xt+b0bv9eksggm+cxy...?f7586a09c0c798091397041efc6194c9mb0j84yy=U2FsdGVkX18LkYjo4gtIkprvylMs7C2KaCpO3vMmvkQWCiaJUkkAnazRbYrYydoFUDtI47P12+8PTJlMNzyHbAM3RcWaB5U7fhdUZ9iodHsyz5Xp7ccTIxH6H1zI6WvBqPdSuqldRpNoyF1fnGpNw9ijEgfHU6OxRMZbUm9ktpCbbcFJOxbx4pneGkUTifpH2f1J17oWnW/Ed8tJQHVIPnF+Z3ktjWUXj7mNokeF2t2LmPxi9JgWdgrk0QpO6KEQsdqu0enlxSIm2DGSr3j1Q5JXkNlRh5zM49Gv8mrXIxfVlDLXixgzQMYXKj69RaRff5Hxwfnmi+PhpQlDVFXsfVOANS1vJMSD0GkPRiuPlNXsw+As3lN6yyx119AikDEYETlBDRKl6AYTAsvrYDA2rj/LBkXO+yuVwfoALs4dq7BhgqkXYhlQNfX3o5YptfLZp2qTxObeiqzXU3LFqXJRHrZ9NxkVDdV2FCn0VKEE1IfHTZzxGWeVTW+gQaC4Wf5sqWGxGpUDjnlHqkWNvsDX9UHxMpNR24L7BPuKNR4IbdtCx3j+vyh/McYAQHvqVGe1H904p9NzwafNLARZWLZRBl6aFriSdsm5KCaqoyp/DhEqdqdTRoeWa+xZ6EnqN8yIG6kb0ZwLBJYa10u79Cc7w7LCTRuwyrqTjWvc7+IxFdex/jriKDLObxWNyNMCBIoBWf5Wp6NO18vCLRPo7Y/yIsC+pBK8DGjOJpLNZpbsX8zBJ1EKdRfcDKjSY7zOQD7msbYUshE3XtlhYrnpWMTZSB/g8xM5FWEwKVDc7MokpYrGqu4OM8LDIsnwaIh8SmaTkQFX7cHEO0brbUrmghc6daHC7jzZJQNHnkEN+Jzaf5bPnqJOB5pFnoxcmWwWBvb6PyMrkzV6DjV/ZbnVETHdrr4gYO4RNT2YJ4QkergTNoETsg92Y1QyN1IuESYVgylEv6NzWiICH5um64H8fDHzapkKOMJzHwXIWfefJMIFdyggzs686igOgLGljEIHex75iXeV/lxrDHMkhWpeNSuRMkEoPhGQ5hE2qfk+lQpK5cWsvmE5WUno6KUi7HpB5fqSCYUmtHh2l5ZyY+hFIeOppndgbjjBXapqg4J9aWfmAM7513+N6CgSkiTDkwO4gRPTUVV3kY5MN2UrW6svH2hKlfN3NizGE+Tpvax4P9mTNbcnhBUMV2DTBxtkYyUXm2ieFYR+AkOAGhi4lOqe1eOHJXGQuYEEdwk1v2J0GlU6NU8pfGtOjQJMaQ7JtqbEmpGX3RW5Z3mYj3ayn3Tvhz/KvbbgFLjVpcZsSnV+Ff2B3eQQ4Typf+0W1c3k1Cqp7pTVNNx527U6wsjq+LLqP2lJ4jg4k1QyiWv/T9vgkDRZ6cuBhkjnpzAbFzzZg4ja4hyhsjhOxzklnpyx79ZDjf5ikzyhF+1IkcZM1v5Wo4PPj4MJZjsQGdlkSVwME71N8x5E7tumPOy0eixdlrFfeRFjcrU7eJrBaD6Dxwkre9BzLgMzflS7SsxhplLE1BHIAX1EBQp45wDelbtUfl/zAWZNp+t5Hl6N0ikgpFtcLdbUKXbWzvFU7SWb/rfjCY8s31OG34unwpr9o/YVDtvNudxpeP+x+OUlip+s26M4aOEMxDzqMNUza7LUGbWd102pfbqjOC/mBtVcIgJQS1TZUoe2+n8Y2DPNxO0oyf8jl1UGclC5DDZFWaSZ8zm1p+XCrPy4zwsdyCVSVG8mgQIdizF1kdhsWhUqUwmeuYqZcwgBSuXmBNQsSyPezU5z3itLwtGq47gAO9ylBr4+D/E+zXz+7/sQQzhuABF,https://raw.githubusercontent.com/openphish/public_feed/refs/heads/main/feed.txt
https://sharefile8.pages.dev/mfnfjg2adsrzxjtco6mmkomnoyp25gc0rlsxfkvc+r9+p+uza7bkgxtk67...?b04a00c1a3a35dc78b42e2d65fa8961amb0j7jin=U2FsdGVkX1/y0ikWCj3wnoD4TbsnhAoR0VBMrvmfMdm2YMwQfyWOczAyTlI5GQRHg0ohC92lBwDKvD/pEU7pMdR4rA/WKEXeErRmUuIghTyfB8todTK3jY6vl4lojJerjqS5w66vSzPgYs0T5rYXq5sAfQeqWpPYYNFxt0C05cgZgctWyuOWxPb5mIIG3cnHoRkAnk5URitfGvZewt9pdON3K/PbXyPdebz16zCTKCeIHwjPGBV8IiCeF8NduLIaxgl0ifLxuu9C27GAdw7VGQqKdarf1WmbREMrQzo6rscSNBjB/imiunpLcNwE2MS310v+Uo8SnaCY3uaRAsMxcZyRDJjPgtxd+9Z6q2JZDxGyZ/L62Xqzw9+fG0xQEkf76wmLuD4T6+bczHt288TVN59cKNedB33Za6YTdRV5zm2zDLxFHXfvoMmfyM+fcj8brprzUL+4PiIXZA7nUj7oSVur92uFMoaO0GfjwTa2/8pHhmlrpG+0NE10W0itmxUs++5RW8PZ0rwZhcTa6p8csPeNPIyglW/78XPgv9e0bb58Gsv36UYrwnpH9ddyHDcyNrchhYLK/wmp87uUKImCwWENxsjZnd/slJ5UB/dEkLduKq43C7oN2Ow9YngoHREs+9gXC8pw7MPvqItzJlc52EHgJuOWpFu6wkvhkvP7KKFciyqwiqlRZyhVldR7tXSrmP3XMmeN17AsXVgtvdzph182I0uQ3UPNjALmP6cXz9d9bGSum170oADmBA79kRb0bvYOnVrcJf7vmZMykSjEXaDvgV8lbegqGVhUoxEKUg53s9kuJ5MFEk+QTwgCm/FtYozwNHCQ+CC5NmndbDFA0qCCPseLvy9SKc4ZUbjNIBxxQGXkhIKSxKu+kNyzwD0OROFLExluGwRGnE85pYrwtL0qg0Vzgy6BF7M6Vz7IVDijHtfEEamYVE8sgfkFz1puOZm2BtP66YkHpXRjQjZYAckJYf1pIbgAFcDwouCEtvB+2qgv78NJhHuYO8DePAbzZvQpOJjjHleIk+EqsTYbQ12sGbkI5Ur9at3uRzssEKdQq4C/YVBH5dycZBy60Q5zfuJWIpmE26Z8m5NyzbT8qQOP1PgxnNcr8xZIv/z+kixknwckdJetdnZWGXcCRWTVfPPoxSX4FvUCC3ACyuN/zp04U6/DagK6/J8Cg1jvJkMRn4P0zCYxPiGJubIiJBrgA/T8PCuNwylWMugPri3O6myJ3V6GMPvlDWJ/PoeMQtOaKfcuJhtYPFHzmBYUG8sjQ7P+D8i0CSRsLHzBbjsN+yaz6wAxVPYVPrlMctXPLuer3XI+bf3vb2BDBiJeqvq0NyietiElHYjy13dbfT5yzG2yVCoPoRCw5b3LsAU1kciam3Pv+cSvUzdx/YYaXgAQUT6N9CvpYFYeDYszq3XWfHq7UkMxS2PP+WC6z6lo8Yee6hNE0dCfCJaPyaw9SlZNv67UC/oUKJyaykoRbJQEt162s5uIFRbZ4kPI7z4kMBhi5T8rNHwL40JZLapoTni3qkLR1Tfe6SgXD4HaCYeRgkYuwnbVKrsmrY6A26D/xrO4WlSt1X7roUCJWlI434qnfO3WssaaCU3qlMU6wpXdzAIp6IyL2vgMAWN06W0zYdhXDJoteAat/retL5kKUO7SecfdlGA7cbbD/UUGPH54D7OUm2fmtxbJk9lgm2bYEZh+QtQyBmUFFHheZ4i7hRpPF0OEoC8hP9W4RcrIJ1Oap6YFIjV2p7bMNrmHMFaJxcG9gDoOpPEQXugUpLjbDIqBnNWpxSesRLezPgQEUsxdSiHPE4lEYlI,https://raw.githubusercontent.com/openphish/public_feed/refs/heads/main/feed.txt
https://sharefile8.pages.dev/mfnfjg2adsrzxjtco6mmkomnoyp25gc0rlsxfkvc%20r9%20p%20uza7bkgxtk67tlleqy2zchslbucjdbkwxbm157do%20j3ak5xim%252/?56cc79ff85f21da05b12d52335e3ab65mb0j2lmd=U2FsdGVkX1/X9XNxZuKPenLWqC+uS4wg3h6KcjlKFnPedhTwORHpZiLnslyHTQX44HT/HSw9/0FC4fyHe8r9k+dFfgObnEwJHHjdfRXjGx8uh/k41RTkyznWFlDVmD3njqA95m44dNjDcdJuqvvScbfoUe0cDj1G6LLrO/RRFwQ8X0yXMnAlfXzgqAJZEQRk9nNe0XuMdJfAzUoyn7wreTSk8nyD8sUUaJs3YXDo1BRHTiCIsOXHk1z8+6GmBSqCOOkQ/7nI1Eiu5b1v0i5r93qQPIhfY+lxprV3ym65JliKUgApX6VJJEHoKf+NN/HQvihEAHm/EEy34qB0GHu5FcNcnUQjciq+rbHdYOWcY7fVDRF98MgsGMsJenZYghr5lDIc1jW5SWjuWT4at5jwKmX4Q1o6rqWA2X81QklQB1TDbBkseXA0Y+BzbJbV87dV3FJ8AbB+Z2ZgTEYWk0a617tekJYB0R8gKaAHcGA0nY7LGyWMT6CCrQzaGnh6INTEKQgO0jPx5X3zI1kPizDraJcWX9oVDqJbddTvMRf6L9jK1RKZwW9obW2WO1S58D8tAqsJRjsZdOJNKTyjIuvDHPvD9tM65e0UvBy+CD9ab/2uC4iuNX4Wa2FWQMvkLUiycQwRLmfDMkHe1CmUthexWFQvrlb5L3CndBoBYRkHTEc6uVcB2qVrUrrHaB3nxfuuzzlAZdq7tkI97HgC6HRcBuC5Bup+Uj2FUQh01r7lNE3wz5sImnmN+7VfXoP6bT9jydSivqtH2c7/pxlSwsTqtmEz3jlBOUjASpzEZ8sptRqMmZx/Of5sHNV9Q7cRtASMpQyVFqQ6AHrX6MHY5Agdpm2BVks5B6O7IOSoY6bVYAEEv8RPQm25CjmKa3FHZ4Be7gyusxqNhVEe+s6WKBQdSV/J/k3gM8GP2YYnwFkONs2KwyVJlyN9RO7PAHQdwXlGVQJirGQWdl2srhBgQuKthYur0PVNgHlEk+qkhUBnoCOylnPyXDD8SyEvj46IbqXEl4Z5IoxT8wgMTZgbsEkoT0X+K10kR+1Lh0iCK6m3WiAKY5M/hIlg8F2v5RZQ/6RUCls7rJXj8F9xb9cw5nkUYlb/VOcjMdnTycUvw/wR3mf57KhjoCCO7XzDU8XO3D+rzk9pyKkC8Y669lYdpFr1WZJWhe1tb/n8g9gUmk7DE4+w3wA6wef93J/IxZ0Gj7dLhBf4hVGvqtu9gmGBS/rYeqI2PFNtRDz7d/7z8juksneLwVv0wiyCUXihYR+Vd9CBxq9fIyqLOJlqcMs0iHu3UtFfthZH+9IQCWq4amwJFrt+BgaC8nMTMuvK9A95Nd3j,https://raw.githubusercontent.com/openphish/public_feed/refs/heads/main/feed.txt
https://sharefile8.pages.dev/qvuv+pyrqwzcz6xaxlnoqwjmehzvhi7wuk+tdmwkgv96kzea82mtrq3s+h...?01e9f604c690d7004d968930912e19cdmb0j5yzx=U2FsdGVkX19peqs/dOcz9Q0CJhDKuNYks0nMqyqsx06xr5dW49QwLS78xwgG/2B4O4SMkRUbWHjdSHw+EJ8rEm2f5XN7f96B3cmbzfPnxEDtDSqDK4xS3w4n2/fUUIvCPQUR6WlvuJex56Nx6zlXT0RBP2IpyDfUb7n1kW1lUoh2DHaQ2pnQKWhCyK+hqYtM43E58yQ3gT+0K2AvJPIng+xspGHJLs0nr36W/YA+Owr7gO2RFyF7KjGRD9v7keZKoEaXyWqEpwsRI3Eul/95lG2kEEzJ0EBShF/bKj3BEtASRy2ATLrnNjGzu4cr+vcPzaJWH66+D0xbuAhC6qfNdJTjvId4LucT3AX9M7C6ulg47va33K6XFAa6m2JRAv8tfVqvlKyi7vfpRsOaIjHrc/dMAukCUVUch/SSR/6TNGgG+kjQqZcsECbMpph+WifjjvbyUxww/3zh2i3jdK+4s11pJkIfagrxo9GKfnnj6gL/BFpsDImSfQcZErErI63JavGXUEZzBn7evzVxF4xC9pA2uIbcwGLoBW6mNLP26ENNcYI7hlrwDVOl4XXAY5cxeJSZI8x7hLfGcBd/X3QU0HlVHLOPXO3QWoGv5Xa9Uads2kSEbWRSY2CFNB4nV66WnlJizWyr6ynwMFUAuhAeiMPrdPm9AIVATOOMrHq67E45Fx/Od9M+WwBDDNt9DOviIfweOtqyJJH5PpXCxjlt32j3SOdsS5xyGBe823EC9bWknuDrI4zQKiY9XZprO/q0fO2MBKQ77FUPI+XZc/Mxan/4X+4/jamXUj6p3B29oPhFSzfsoDHJUwBDK2w+e4uG5Z4hlvKFh0C2J3afNbeDFMDevo/k9ndpfMY2BlU2NIUg4o/dh446Gp6NjKEtsMsDIbv0Ayn77ZvoA6QMvtNmzS8asD04EMk70sqfcjL7tjNQ7kZyutt19ctqeQp+FLAeXXGv2RVqXlLTnmrdzKtBFhoLqSEPE/MHD7hahMdT6STKl9oCKwhlYmBoFInB7q6pXcSTAmpKpooJaPkk0hIM1ORCwRBbLkDKKHhDNHDbTgAec+jQHaiplp0zPmVfVOUu0B6PIwwlyxK26/mL79fPDYdulC07CDFrypzqaViv9FMptbvXDk1JEicANKhNNp2V+Fump1PZUAB5rrmSSc+0EJMDrKuOrm8RG1AMktqpgkWhAY+kXq8+AVt4LsH9RsbNd/HdvY8QeArEo9ZIJAXEX82yoSb4TDzrCqGZWJNUeSC++gqWfWsAoNXITkSVwgKbkKKrBu5TcomVt5LaI0iJ8KZAm3kR64MkVZatKjI5O743f2WvxmfP3EUywy+PjTrfcQ20iRApprFuq9k9UP8FmaymKq5xUHLuN4gbhf7Pu8a8gXuCDr85yijc+pvew26gG8BTruC5t54QX58Qg6SgtV2VMuh87lkaU8zNLPlBa7PNRvjwTUAE8csvaIZF5ByfxMdU+QpywlKQFNyJAvb3dW0JjaMFC2ZhzTNZLHIpuJuvP/Dj3Bi87YtBdK4TgL+5luqOvOUAcaSrsxbBvAnhqL87Yb5ZGkHQHCwvo8xqoMEEZ6KIAbPj/gbIdGpHPTqTZKs5O6ZLniKchygju4uj+A==,https://raw.githubusercontent.com/openphish/public_feed/refs/heads/main/feed.txt
https://medicarerrview08auth.sbs/veridme/IDME/user/login,https://raw.githubusercontent.com/openphish/public_feed/refs/heads/main/feed.txt
https://medicarerrview08auth.sbs/cuvvv/,https://raw.githubusercontent.com/openphish/public_feed/refs/heads/main/feed.txt
https://medicarerrview08auth.sbs/cuvvv/otp.html,https://raw.githubusercontent.com/openphish/public_feed/refs/heads/main/feed.txt
https://medicarerrview08auth.sbs/cuvvv/security.html,https://raw.githubusercontent.com/openphish/public_feed/refs/heads/main/feed.txt
https://medicarerrview08auth.sbs/cuvvv/personal.html,https://raw.githubusercontent.com/openphish/public_feed/refs/heads/main/feed.txt
https://medicarerrview08auth.sbs/cuvvv/otp2.html,https://raw.githubusercontent.com/openphish/public_feed/refs/heads/main/feed.txt
https://lawrence-id7954.vercel.app/notification/metaplatforms.html,https://raw.githubusercontent.com/openphish/public_feed/refs/heads/main/feed.txt
https://ipfs.io/ipfs/bafkreifv6z4xvr2xjnngqjdrmczeebdmj23z4npwl7fszbnucuf2zv5tqa/,https://raw.githubusercontent.com/openphish/public_feed/refs/heads/main/feed.txt
http://dk-anleger.com/,https://raw.githubusercontent.com/openphish/public_feed/refs/heads/main/feed.txt
https://jonahen-id7980-umu9.vercel.app/notification/metaplatforms.html,https://raw.githubusercontent.com/openphish/public_feed/refs/heads/main/feed.txt
https://natco.com.ng/dhlexp2m/dhl/info.php,https://raw.githubusercontent.com/openphish/public_feed/refs/heads/main/feed.txt
https://aktifkan-paylatersx.resmi-izd2.my.id/,https://raw.githubusercontent.com/openphish/public_feed/refs/heads/main/feed.txt
https://smartcoop.pages.dev/,https://raw.githubusercontent.com/openphish/public_feed/refs/heads/main/feed.txt
https://511577555.com/,https://raw.githubusercontent.com/openphish/public_feed/refs/heads/main/feed.txt
https://55100004.vip/,https://raw.githubusercontent.com/openphish/public_feed/refs/heads/main/feed.txt
https://blaze207.github.io/discordclone2/,https://raw.githubusercontent.com/openphish/public_feed/refs/heads/main/feed.txt
https://resolver-daa.pages.dev/m/,https://raw.githubusercontent.com/openphish/public_feed/refs/heads/main/feed.txt
https://my--ndax-help-aauth.webflow.io/,https://raw.githubusercontent.com/openphish/public_feed/refs/heads/main/feed.txt
https://auth--trezor--take-io-auths.webflow.io/,https://raw.githubusercontent.com/openphish/public_feed/refs/heads/main/feed.txt
https://let-ledgrcom-stert.webflow.io/,https://raw.githubusercontent.com/openphish/public_feed/refs/heads/main/feed.txt
https://ledger--apps-sso.webflow.io/,https://raw.githubusercontent.com/openphish/public_feed/refs/heads/main/feed.txt
https://logon--trzr--support.webflow.io/,https://raw.githubusercontent.com/openphish/public_feed/refs/heads/main/feed.txt
https://logonin-leidgar.webflow.io/,https://raw.githubusercontent.com/openphish/public_feed/refs/heads/main/feed.txt
https://hub-learn-apps-ledgre.webflow.io/,https://raw.githubusercontent.com/openphish/public_feed/refs/heads/main/feed.txt
https://ledger-tm-live-app-secure.webflow.io/,https://raw.githubusercontent.com/openphish/public_feed/refs/heads/main/feed.txt
https://secure-apps-app-ledegr.webflow.io/,https://raw.githubusercontent.com/openphish/public_feed/refs/heads/main/feed.txt
https://logon-sso-tterzor.webflow.io/,https://raw.githubusercontent.com/openphish/public_feed/refs/heads/main/feed.txt
https://startldger-com.webflow.io/,https://raw.githubusercontent.com/openphish/public_feed/refs/heads/main/feed.txt
https://start-ldgeazr-ledgerrlive.webflow.io/,https://raw.githubusercontent.com/openphish/public_feed/refs/heads/main/feed.txt
https://walletrezorrt.webflow.io/,https://raw.githubusercontent.com/openphish/public_feed/refs/heads/main/feed.txt
https://sso--trezroo-start-cdn.webflow.io/,https://raw.githubusercontent.com/openphish/public_feed/refs/heads/main/feed.txt
https://start--io-trzexsor.webflow.io/,https://raw.githubusercontent.com/openphish/public_feed/refs/heads/main/feed.txt
https://start-ldgger-aauth.webflow.io/,https://raw.githubusercontent.com/openphish/public_feed/refs/heads/main/feed.txt
https://startedtiuzor.webflow.io/,https://raw.githubusercontent.com/openphish/public_feed/refs/heads/main/feed.txt
https://trezor-auth--io-start.webflow.io/,https://raw.githubusercontent.com/openphish/public_feed/refs/heads/main/feed.txt
https://secure---l-edger---auth.webflow.io/,https://raw.githubusercontent.com/openphish/public_feed/refs/heads/main/feed.txt
https://trezor-io--strtt.webflow.io/,https://raw.githubusercontent.com/openphish/public_feed/refs/heads/main/feed.txt
https://support-treaz-hardware-wallet.webflow.io/,https://raw.githubusercontent.com/openphish/public_feed/refs/heads/main/feed.txt
https://trezorr-wallet--web.webflow.io/,https://raw.githubusercontent.com/openphish/public_feed/refs/heads/main/feed.txt
https://www-legercomstartr.webflow.io/,https://raw.githubusercontent.com/openphish/public_feed/refs/heads/main/feed.txt
https://strtio--com--ledgr.webflow.io/,https://raw.githubusercontent.com/openphish/public_feed/refs/heads/main/feed.txt
https://dgsjhagd.asia/N8nj9APl2e/?kkwqnd=3Dhfquramj/,https://raw.githubusercontent.com/openphish/public_feed/refs/heads/main/feed.txt
https://jishnu339.github.io/newproject/,https://raw.githubusercontent.com/openphish/public_feed/refs/heads/main/feed.txt
http://jhjhjhhjkj.web.app/,https://raw.githubusercontent.com/openphish/public_feed/refs/heads/main/feed.txt
https://imtokexn.im/,https://raw.githubusercontent.com/openphish/public_feed/refs/heads/main/feed.txt
https://auuth-m-start-ledgger--auth.webflow.io/,https://raw.githubusercontent.com/openphish/public_feed/refs/heads/main/feed.txt
https://app-l-start---ledger-auth.webflow.io/,https://raw.githubusercontent.com/openphish/public_feed/refs/heads/main/feed.txt
https://auth-starts--trizors-io.webflow.io/,https://raw.githubusercontent.com/openphish/public_feed/refs/heads/main/feed.txt
https://auth-usa--trizors.webflow.io/,https://raw.githubusercontent.com/openphish/public_feed/refs/heads/main/feed.txt
https://browser-io-start-ttrezor.webflow.io/,https://raw.githubusercontent.com/openphish/public_feed/refs/heads/main/feed.txt
https://mettamasskextnssion.webflow.io/,https://raw.githubusercontent.com/openphish/public_feed/refs/heads/main/feed.txt
https://cdn-io-start-trezzor.webflow.io/,https://raw.githubusercontent.com/openphish/public_feed/refs/heads/main/feed.txt
https://help-s-ledgralive--leg.webflow.io/,https://raw.githubusercontent.com/openphish/public_feed/refs/heads/main/feed.txt
https://m-ledgerlive--app.webflow.io/,https://raw.githubusercontent.com/openphish/public_feed/refs/heads/main/feed.txt
https://wallettrezorhardware.webflow.io/,https://raw.githubusercontent.com/openphish/public_feed/refs/heads/main/feed.txt
https://start---ledgen-ouths.webflow.io/,https://raw.githubusercontent.com/openphish/public_feed/refs/heads/main/feed.txt
https://help-support-leddrgor.webflow.io/,https://raw.githubusercontent.com/openphish/public_feed/refs/heads/main/feed.txt
https://cdn-trezorrhardware-docs.webflow.io/,https://raw.githubusercontent.com/openphish/public_feed/refs/heads/main/feed.txt
https://helps-trezorr-hardware.webflow.io/,https://raw.githubusercontent.com/openphish/public_feed/refs/heads/main/feed.txt
https://trezro-io-use.webflow.io/,https://raw.githubusercontent.com/openphish/public_feed/refs/heads/main/feed.txt
https://start--leigers--comz.webflow.io/,https://raw.githubusercontent.com/openphish/public_feed/refs/heads/main/feed.txt
https://live-wallet-ledgere.webflow.io/,https://raw.githubusercontent.com/openphish/public_feed/refs/heads/main/feed.txt
https://grmiziologin.webflow.io/,https://raw.githubusercontent.com/openphish/public_feed/refs/heads/main/feed.txt
http://tratamientomiso.cl/l/mail1.php,https://raw.githubusercontent.com/openphish/public_feed/refs/heads/main/feed.txt
https://must.com.py/vhnm/,https://raw.githubusercontent.com/openphish/public_feed/refs/heads/main/feed.txt
https://imhimc.com/,https://raw.githubusercontent.com/openphish/public_feed/refs/heads/main/feed.txt
https://sayangdiakontoll324.dfgq1236.com/,https://raw.githubusercontent.com/openphish/public_feed/refs/heads/main/feed.txt
https://tptkn.org/,https://raw.githubusercontent.com/openphish/public_feed/refs/heads/main/feed.txt
http://singadel.lebontremblemant.com/,https://raw.githubusercontent.com/openphish/public_feed/refs/heads/main/feed.txt
https://www.tecorportas.com/CN/index.html,https://raw.githubusercontent.com/openphish/public_feed/refs/heads/main/feed.txt
http://aitafaq.sbs/,https://raw.githubusercontent.com/openphish/public_feed/refs/heads/main/feed.txt
http://sso--en--coinbasepro--cdn--z---auths.webflow.io/,https://raw.githubusercontent.com/openphish/public_feed/refs/heads/main/feed.txt
https://ebay.store-dca.shop/,https://raw.githubusercontent.com/openphish/public_feed/refs/heads/main/feed.txt
https://help-contint-ledgro.webflow.io/,https://raw.githubusercontent.com/openphish/public_feed/refs/heads/main/feed.txt
http://cpcalendars.3-14-127-80.cprapid.com/secured/sign/index.html,https://raw.githubusercontent.com/openphish/public_feed/refs/heads/main/feed.txt
https://expediapartnercentrals.reazby.com/Accounts/,https://raw.githubusercontent.com/openphish/public_feed/refs/heads/main/feed.txt
https://jobtrackera.vercel.app/managermentloc/jklwqzbxvtyplfdshrkc.html,https://raw.githubusercontent.com/openphish/public_feed/refs/heads/main/feed.txt
https://sso-ndax-io-authe.webflow.io/,https://raw.githubusercontent.com/openphish/public_feed/refs/heads/main/feed.txt
https://biendeantesvitraux.com/,https://raw.githubusercontent.com/openphish/public_feed/refs/heads/main/feed.txt
http://case-10099015.nicelittlestuff.com/,https://raw.githubusercontent.com/openphish/public_feed/refs/heads/main/feed.txt
http://superfreightloginmicrosoftonlineservices.huaao-optical.com/authica/valida/?email=3mail@b.c,https://raw.githubusercontent.com/openphish/public_feed/refs/heads/main/feed.txt
https://jhjhjhhjkj.firebaseapp.com/,https://raw.githubusercontent.com/openphish/public_feed/refs/heads/main/feed.txt
https://token.tpwalletapp.news/,https://raw.githubusercontent.com/openphish/public_feed/refs/heads/main/feed.txt
http://kirfaond.kabkbamiloudi-larfonsi.com/,https://raw.githubusercontent.com/openphish/public_feed/refs/heads/main/feed.txt
https://usbfsauasb.com/,https://raw.githubusercontent.com/openphish/public_feed/refs/heads/main/feed.txt
https://outh-nav-netcoins.webflow.io/,https://raw.githubusercontent.com/openphish/public_feed/refs/heads/main/feed.txt
http://salvatierrainmobiliaria.com.mx/whmgateland/en.php?rand=13inboxlightaspxn.1774256418&fid.4.1252899642&fid=1&fav.1&rand.13inboxlight.aspxn.1774256418&fid.1252899642&fid.1&fav.1&email=ywjyywhabwxpbi5jb20=&.rand=13inboxlight.aspx?n=1774256418&fid=4,https://raw.githubusercontent.com/openphish/public_feed/refs/heads/main/feed.txt
https://my---sso-itrustcapital--com-auth.webflow.io/,https://raw.githubusercontent.com/openphish/public_feed/refs/heads/main/feed.txt
https://secure--itrustcapital--sso-auth.webflow.io/,https://raw.githubusercontent.com/openphish/public_feed/refs/heads/main/feed.txt
https://sso--blockfia-auth.webflow.io/,https://raw.githubusercontent.com/openphish/public_feed/refs/heads/main/feed.txt
http://mintpro-x6.vercel.app/,https://raw.githubusercontent.com/openphish/public_feed/refs/heads/main/feed.txt
https://sushipoolswape.webflow.io/,https://raw.githubusercontent.com/openphish/public_feed/refs/heads/main/feed.txt
https://my-sso--itrustcapital--com-auth-ak.webflow.io/,https://raw.githubusercontent.com/openphish/public_feed/refs/heads/main/feed.txt
https://my---sso---itrustcapital--cdn-f-auth.webflow.io/,https://raw.githubusercontent.com/openphish/public_feed/refs/heads/main/feed.txt
https://app--sso-itrustcapital--auth.webflow.io/,https://raw.githubusercontent.com/openphish/public_feed/refs/heads/main/feed.txt
https://blockfe-cdn.godaddysites.com/,https://raw.githubusercontent.com/openphish/public_feed/refs/heads/main/feed.txt
https://metacomc.wpenginepowered.com/com/,https://raw.githubusercontent.com/openphish/public_feed/refs/heads/main/feed.txt
http://owltovalidation.pages.dev/,https://raw.githubusercontent.com/openphish/public_feed/refs/heads/main/feed.txt
https://wsdfvrew.blogspot.com/,https://raw.githubusercontent.com/openphish/public_feed/refs/heads/main/feed.txt
https://wsdfvrew.blogspot.tw/,https://raw.githubusercontent.com/openphish/public_feed/refs/heads/main/feed.txt
http://mobilenew.lol/,https://raw.githubusercontent.com/openphish/public_feed/refs/heads/main/feed.txt
https://gbwhtts.com.pk/,https://raw.githubusercontent.com/openphish/public_feed/refs/heads/main/feed.txt
https://gbwhatts.com/,https://raw.githubusercontent.com/openphish/public_feed/refs/heads/main/feed.txt
https://amazon-2-clone-jmpp.vercel.app/,https://raw.githubusercontent.com/openphish/public_feed/refs/heads/main/feed.txt
https://sso--eng--ca--netcoins-com--cdn---auth.webflow.io/,https://raw.githubusercontent.com/openphish/public_feed/refs/heads/main/feed.txt
https://auth-app-loginitrustcapital-com-auth.webflow.io/,https://raw.githubusercontent.com/openphish/public_feed/refs/heads/main/feed.txt
https://gojjhhdd.top/wap/,https://raw.githubusercontent.com/openphish/public_feed/refs/heads/main/feed.txt
https://redwhatsapp.com/virbo/download/,https://raw.githubusercontent.com/openphish/public_feed/refs/heads/main/feed.txt
https://satisfaction-bnppere.mediatech-solutions.com/w/04ada2cae5c383672c6d,https://raw.githubusercontent.com/openphish/public_feed/refs/heads/main/feed.txt
https://ytstartsytdf.weebly.com/,https://raw.githubusercontent.com/openphish/public_feed/refs/heads/main/feed.txt
https://habitual-feet.surge.sh/?3mail@b.c,https://raw.githubusercontent.com/openphish/public_feed/refs/heads/main/feed.txt
http://pagina.pro/facebook-support-authplatform-authentication-challenge-business-checkpoint-next,https://raw.githubusercontent.com/openphish/public_feed/refs/heads/main/feed.txt
http://sso--itrust--capital-com-auth.webflow.io/,https://raw.githubusercontent.com/openphish/public_feed/refs/heads/main/feed.txt
http://www.trainingcyber.com/cyberheroes/?lang=en,https://raw.githubusercontent.com/openphish/public_feed/refs/heads/main/feed.txt
https://ledgerapp.vip/,https://raw.githubusercontent.com/openphish/public_feed/refs/heads/main/feed.txt
https://h4shell.github.io/pancakeswap_webhook_seedphrase/,https://raw.githubusercontent.com/openphish/public_feed/refs/heads/main/feed.txt
https://app--itrustcapital--sso--console.webflow.io/,https://raw.githubusercontent.com/openphish/public_feed/refs/heads/main/feed.txt
https://www.emesssages.com/?urid=gHIkX-p0oe9ekh7aWh0Nmrw4AkHf1jbViOkgjmrhcOwjQlKo4FGA1oh60TC_sI1JUVApmbttY1zq52kHA5IYsrQiiujvZpbxTPIog2tkAqkzHfux5xrVUuY8WGNBukduyIkx2iFPJAMhC&rg=CUS,https://raw.githubusercontent.com/openphish/public_feed/refs/heads/main/feed.txt
https://new.events-games.com/8Z9oU?fbclid=IwZXh0bgNhZW0CMTEAAR6q3mcQSf3Y9hYYC0z224odn6cuLasczPTjmPSBJpB4SzJUBh-uj2BfPu05OA_aem_kCRqutoCaWNgJg-WMMZVzg,https://raw.githubusercontent.com/openphish/public_feed/refs/heads/main/feed.txt
https://timephoriaofficial.com/,https://raw.githubusercontent.com/openphish/public_feed/refs/heads/main/feed.txt
http://pub-4b857e143fb64003a534ea2ef1a84400.r2.dev/index.html,https://raw.githubusercontent.com/openphish/public_feed/refs/heads/main/feed.txt
https://fstivall.japxsa.top/,https://raw.githubusercontent.com/openphish/public_feed/refs/heads/main/feed.txt
https://fsrivall.japxsa.top/,https://raw.githubusercontent.com/openphish/public_feed/refs/heads/main/feed.txt
https://saikatsarkar674.github.io/amazonClonev2/,https://raw.githubusercontent.com/openphish/public_feed/refs/heads/main/feed.txt
https://consol-ndax-auth.webflow.io/,https://raw.githubusercontent.com/openphish/public_feed/refs/heads/main/feed.txt
https://mourya2044.github.io/amazon-clone/,https://raw.githubusercontent.com/openphish/public_feed/refs/heads/main/feed.txt
http://instagram.archive.com.im/video/6426554922/,https://raw.githubusercontent.com/openphish/public_feed/refs/heads/main/feed.txt
http://secure-blockfi---sso-h-cdn.webflow.io/,https://raw.githubusercontent.com/openphish/public_feed/refs/heads/main/feed.txt
https://microsoft.design/articles/windows-ux-in-an-ai-driven-world/,https://raw.githubusercontent.com/openphish/public_feed/refs/heads/main/feed.txt
http://removee.shop/,https://raw.githubusercontent.com/openphish/public_feed/refs/heads/main/feed.txt
https://login-blockfi-sos-cdn.webflow.io/,https://raw.githubusercontent.com/openphish/public_feed/refs/heads/main/feed.txt
https://s3.us-east-1.amazonaws.com/anydo-user-uploads/cSOc9bx8cfb7z2Q2rcKvvA_15e548cefec2438abebec340f91c2b7e_network.html,https://raw.githubusercontent.com/openphish/public_feed/refs/heads/main/feed.txt
https://decentalized.netlify.app/,https://raw.githubusercontent.com/openphish/public_feed/refs/heads/main/feed.txt
https://portal--ndax--io--cdn--auths.webflow.io/,https://raw.githubusercontent.com/openphish/public_feed/refs/heads/main/feed.txt
https://portal-auth-ndax-io--cdn.webflow.io/,https://raw.githubusercontent.com/openphish/public_feed/refs/heads/main/feed.txt
https://www.5510008.net/,https://raw.githubusercontent.com/openphish/public_feed/refs/heads/main/feed.txt
http://www.zmienaktualizacje.win/,https://raw.githubusercontent.com/openphish/public_feed/refs/heads/main/feed.txt
https://microsoft.design/articles/weaving-the-strange-the-art-and-alchemy-of-xboxs-south-of-midnight,https://raw.githubusercontent.com/openphish/public_feed/refs/heads/main/feed.txt
https://microsoft.design/articles/the-hidden-power-of-typography/,https://raw.githubusercontent.com/openphish/public_feed/refs/heads/main/feed.txt
https://shahmeeraftab.github.io/Netflix-Clone,https://raw.githubusercontent.com/openphish/public_feed/refs/heads/main/feed.txt
https://microsoft.design/culture-and-careers/,https://raw.githubusercontent.com/openphish/public_feed/refs/heads/main/feed.txt
https://microsoft.design/news-and-stories/category/profiles/,https://raw.githubusercontent.com/openphish/public_feed/refs/heads/main/feed.txt
https://microsoft.design/news-and-stories/category/ux-ui/,https://raw.githubusercontent.com/openphish/public_feed/refs/heads/main/feed.txt
https://microsoft.design/news-and-stories/,https://raw.githubusercontent.com/openphish/public_feed/refs/heads/main/feed.txt
https://microsoft.design/news-and-stories/category/visual-design/,https://raw.githubusercontent.com/openphish/public_feed/refs/heads/main/feed.txt
https://whyavya.github.io/amazon_clone,https://raw.githubusercontent.com/openphish/public_feed/refs/heads/main/feed.txt
https://hmtu3tkqlkkt-1oas.vercel.app/metasupportcenter.html/,https://raw.githubusercontent.com/openphish/public_feed/refs/heads/main/feed.txt
https://microsoft.design/news-and-stories/category/design-thinking/,https://raw.githubusercontent.com/openphish/public_feed/refs/heads/main/feed.txt
http://www.notifytracking.com/,https://raw.githubusercontent.com/openphish/public_feed/refs/heads/main/feed.txt
https://nhhkl.blogspot.tw/,https://raw.githubusercontent.com/openphish/public_feed/refs/heads/main/feed.txt
https://uspservicesl.blogspot.cz/,https://raw.githubusercontent.com/openphish/public_feed/refs/heads/main/feed.txt
http://pub-bfed733beb31476b96b439195829b84b.r2.dev/index.html,https://raw.githubusercontent.com/openphish/public_feed/refs/heads/main/feed.txt
https://f1nancier.com/?r=9d996a4d-acc7-4b01-8ed3-f2320dd73ef9&rg=eu,https://raw.githubusercontent.com/openphish/public_feed/refs/heads/main/feed.txt
http://pub-0841a80f059048deb647a765306818fa.r2.dev/glorylog/index.html,https://raw.githubusercontent.com/openphish/public_feed/refs/heads/main/feed.txt
http://pub-e7be145935f648eaa59329583c5ab8b4.r2.dev/index.html,https://raw.githubusercontent.com/openphish/public_feed/refs/heads/main/feed.txt
http://pub-c2aa174758aa43ea80a0607fa6195767.r2.dev/index.html,https://raw.githubusercontent.com/openphish/public_feed/refs/heads/main/feed.txt
http://pub-671ae1ff64674c3ba9e54c618b905356.r2.dev/index.html,https://raw.githubusercontent.com/openphish/public_feed/refs/heads/main/feed.txt
https://paiement-de-facture-fr1123476384.mystrikingly.com/,https://raw.githubusercontent.com/openphish/public_feed/refs/heads/main/feed.txt
http://baredolf.kabkbamiloudi-larfonsi.com/,https://raw.githubusercontent.com/openphish/public_feed/refs/heads/main/feed.txt
https://unified-tokens-protocols.pages.dev/,https://raw.githubusercontent.com/openphish/public_feed/refs/heads/main/feed.txt
http://pub-28a40a97cf1141baa29b69d4934f21a4.r2.dev/index.html,https://raw.githubusercontent.com/openphish/public_feed/refs/heads/main/feed.txt
https://13-58-50-242.cprapid.com/app/update.php?xo5cpll3obsib5oslk40,https://raw.githubusercontent.com/openphish/public_feed/refs/heads/main/feed.txt
http://steamcormmunrity.com/506741901399,https://raw.githubusercontent.com/openphish/public_feed/refs/heads/main/feed.txt
http://steamcommurnrity.com/149831232041,https://raw.githubusercontent.com/openphish/public_feed/refs/heads/main/feed.txt
http://pub-4dac7568f7c3434096cda8f42d81069a.r2.dev/index.html,https://raw.githubusercontent.com/openphish/public_feed/refs/heads/main/feed.txt
http://pub-f583c34f6f3a419eb49954f45762c24a.r2.dev/index.html,https://raw.githubusercontent.com/openphish/public_feed/refs/heads/main/feed.txt
http://poczta-polskapl.top/i,https://raw.githubusercontent.com/openphish/public_feed/refs/heads/main/feed.txt
http://pub-845232413d77493aa1b626f5186dadae.r2.dev/index.html,https://raw.githubusercontent.com/openphish/public_feed/refs/heads/main/feed.txt
http://pub-f0a5b7b570824277b14f255ecd2e0484.r2.dev/index.html,https://raw.githubusercontent.com/openphish/public_feed/refs/heads/main/feed.txt
http://pub-668a429b1c7440a88622fb12eb78dd80.r2.dev/index.html,https://raw.githubusercontent.com/openphish/public_feed/refs/heads/main/feed.txt
http://pub-6b5396a7447e450890996021695aad4d.r2.dev/index.html,https://raw.githubusercontent.com/openphish/public_feed/refs/heads/main/feed.txt
https://amberhome.ae/_twitter-auth,https://raw.githubusercontent.com/openphish/public_feed/refs/heads/main/feed.txt
http://grand-quilled-coast.glitch.me/uiyiut.html,https://raw.githubusercontent.com/openphish/public_feed/refs/heads/main/feed.txt
http://pub-ca8a3ace07094ee9967971c12a96a935.r2.dev/index.html,https://raw.githubusercontent.com/openphish/public_feed/refs/heads/main/feed.txt
http://pub-42b970e6398a4e69a742f1981a9dd62a.r2.dev/index.html,https://raw.githubusercontent.com/openphish/public_feed/refs/heads/main/feed.txt
https://sso-i-trustcapital-com--ln-auth.webflow.io/,https://raw.githubusercontent.com/openphish/public_feed/refs/heads/main/feed.txt
http://pub-ff3e5846e4294ff19c438759f138f1ab.r2.dev/index.html,https://raw.githubusercontent.com/openphish/public_feed/refs/heads/main/feed.txt
https://adorable-torrone-95a0f8.netlify.app/,https://raw.githubusercontent.com/openphish/public_feed/refs/heads/main/feed.txt
http://pub-6f92023a91b44e49b94faee9abf5a091.r2.dev/index.html,https://raw.githubusercontent.com/openphish/public_feed/refs/heads/main/feed.txt
http://pub-d301d1a8a2384f2290e943d6151e875f.r2.dev/index.html,https://raw.githubusercontent.com/openphish/public_feed/refs/heads/main/feed.txt
https://eng-crypto--cdn--auth.webflow.io/,https://raw.githubusercontent.com/openphish/public_feed/refs/heads/main/feed.txt
http://pub-568070ff12dd450d8ea38070e6c104e5.r2.dev/index.html,https://raw.githubusercontent.com/openphish/public_feed/refs/heads/main/feed.txt
https://io-ndax-auth--ca.webflow.io/,https://raw.githubusercontent.com/openphish/public_feed/refs/heads/main/feed.txt
http://pub-34ef152cd54645d6bfb59e199b493be6.r2.dev/index.html,https://raw.githubusercontent.com/openphish/public_feed/refs/heads/main/feed.txt
http://pub-5473e530f3c24730b0b3f7132ba6254e.r2.dev/index.html,https://raw.githubusercontent.com/openphish/public_feed/refs/heads/main/feed.txt
http://pub-0f9c926c063d4b3d9889bb88535b80b3.r2.dev/index.html,https://raw.githubusercontent.com/openphish/public_feed/refs/heads/main/feed.txt
https://bace-ndax-login-sso.webflow.io/,https://raw.githubusercontent.com/openphish/public_feed/refs/heads/main/feed.txt
http://e-zpassny.com-shg.win/pay/,https://raw.githubusercontent.com/openphish/public_feed/refs/heads/main/feed.txt
https://rotoms.co.uk/,https://raw.githubusercontent.com/openphish/public_feed/refs/heads/main/feed.txt
https://flourishing-pithivier-676eb1.netlify.app/,https://raw.githubusercontent.com/openphish/public_feed/refs/heads/main/feed.txt
http://vite-t-85sc.vercel.app/,https://raw.githubusercontent.com/openphish/public_feed/refs/heads/main/feed.txt
http://accounts.marketwebb.mobi/en/login,https://raw.githubusercontent.com/openphish/public_feed/refs/heads/main/feed.txt
http://l551005.cc/,https://raw.githubusercontent.com/openphish/public_feed/refs/heads/main/feed.txt
http://wap.guaqi.net/,https://raw.githubusercontent.com/openphish/public_feed/refs/heads/main/feed.txt
https://netcoins-logi-cdn-auth.webflow.io/,https://raw.githubusercontent.com/openphish/public_feed/refs/heads/main/feed.txt
https://reaktivierung-s-tan2.top/start,https://raw.githubusercontent.com/openphish/public_feed/refs/heads/main/feed.txt
https://danaa-indoneesiaa-reesmii.adztx.my.id/,https://raw.githubusercontent.com/openphish/public_feed/refs/heads/main/feed.txt
https://app-i-trustcapital-us--cdn---auth.webflow.io/,https://raw.githubusercontent.com/openphish/public_feed/refs/heads/main/feed.txt
http://accounts.marketwebb.me/en/login,https://raw.githubusercontent.com/openphish/public_feed/refs/heads/main/feed.txt
https://io-trzor-ddoc.webflow.io/,https://raw.githubusercontent.com/openphish/public_feed/refs/heads/main/feed.txt
https://start-ledgar--auth-service.webflow.io/,https://raw.githubusercontent.com/openphish/public_feed/refs/heads/main/feed.txt
https://auths--suite--trezrei.webflow.io/,https://raw.githubusercontent.com/openphish/public_feed/refs/heads/main/feed.txt
https://bridge--m---ttrezor--io.webflow.io/,https://raw.githubusercontent.com/openphish/public_feed/refs/heads/main/feed.txt
https://auth-start-m-treezor-ca.webflow.io/,https://raw.githubusercontent.com/openphish/public_feed/refs/heads/main/feed.txt
https://bridgeterzors-apps.webflow.io/,https://raw.githubusercontent.com/openphish/public_feed/refs/heads/main/feed.txt
https://aoth-m-start-ledgrr--auth.webflow.io/,https://raw.githubusercontent.com/openphish/public_feed/refs/heads/main/feed.txt
https://content--auth-l--lledgen.webflow.io/,https://raw.githubusercontent.com/openphish/public_feed/refs/heads/main/feed.txt
https://content-setup-ladger.webflow.io/,https://raw.githubusercontent.com/openphish/public_feed/refs/heads/main/feed.txt
https://connects-ledgr-liv.webflow.io/,https://raw.githubusercontent.com/openphish/public_feed/refs/heads/main/feed.txt
https://www.grupo01.rana.avnam.net/wordpress/local/login/login.php,https://raw.githubusercontent.com/openphish/public_feed/refs/heads/main/feed.txt
https://agileortho.in/wp-content/plugins/contactic/assets/img/cruise/WeTransfer.html,https://raw.githubusercontent.com/openphish/public_feed/refs/heads/main/feed.txt
https://app-ledger-docs.webflow.io/,https://raw.githubusercontent.com/openphish/public_feed/refs/heads/main/feed.txt
https://auth-m---starut-ttrezor.webflow.io/,https://raw.githubusercontent.com/openphish/public_feed/refs/heads/main/feed.txt
https://yadaorma.com/,https://raw.githubusercontent.com/openphish/public_feed/refs/heads/main/feed.txt
https://bridge-trezrro.webflow.io/,https://raw.githubusercontent.com/openphish/public_feed/refs/heads/main/feed.txt
https://sso-authe-liveledger.webflow.io/,https://raw.githubusercontent.com/openphish/public_feed/refs/heads/main/feed.txt
https://auth-m-start--trezor.webflow.io/,https://raw.githubusercontent.com/openphish/public_feed/refs/heads/main/feed.txt
https://trezsorio-starts---help.webflow.io/,https://raw.githubusercontent.com/openphish/public_feed/refs/heads/main/feed.txt
https://help--content-ledggr.webflow.io/,https://raw.githubusercontent.com/openphish/public_feed/refs/heads/main/feed.txt
https://doc-wledgersstartt-cdn.webflow.io/,https://raw.githubusercontent.com/openphish/public_feed/refs/heads/main/feed.txt
https://web--docs-trezr--usio.webflow.io/,https://raw.githubusercontent.com/openphish/public_feed/refs/heads/main/feed.txt
https://imtoqen.im/,https://raw.githubusercontent.com/openphish/public_feed/refs/heads/main/feed.txt
http://14mayistasifranceleriniolus.cloud/,https://raw.githubusercontent.com/openphish/public_feed/refs/heads/main/feed.txt
https://webmail.slalom.himoschalet.fi/,https://raw.githubusercontent.com/openphish/public_feed/refs/heads/main/feed.txt
https://legilive--login.webflow.io/,https://raw.githubusercontent.com/openphish/public_feed/refs/heads/main/feed.txt
http://uspservicesl.blogspot.ba/,https://raw.githubusercontent.com/openphish/public_feed/refs/heads/main/feed.txt
http://fortune007.116d562.wcomhost.com/be/be/home/,https://raw.githubusercontent.com/openphish/public_feed/refs/heads/main/feed.txt
https://rplg.co/a53232d9,https://raw.githubusercontent.com/openphish/public_feed/refs/heads/main/feed.txt
http://webchrone.com/,https://raw.githubusercontent.com/openphish/public_feed/refs/heads/main/feed.txt
http://n37bd.com/,https://raw.githubusercontent.com/openphish/public_feed/refs/heads/main/feed.txt
https://my-secure--itrust--capital--cdn.webflow.io/,https://raw.githubusercontent.com/openphish/public_feed/refs/heads/main/feed.txt
http://mdtanveer0786.github.io/amazon-clone,https://raw.githubusercontent.com/openphish/public_feed/refs/heads/main/feed.txt
https://support-839.ubpages.com/386920/,https://raw.githubusercontent.com/openphish/public_feed/refs/heads/main/feed.txt
https://rakuten82.cc/,https://raw.githubusercontent.com/openphish/public_feed/refs/heads/main/feed.txt
https://workstation-support.com/43957835250cd6636baa4006910b728052cc4875/,https://raw.githubusercontent.com/openphish/public_feed/refs/heads/main/feed.txt
https://skbzfvi0u.localto.net/bcr24/,https://raw.githubusercontent.com/openphish/public_feed/refs/heads/main/feed.txt
http://backupaloygosong.business-minagne.com/,https://raw.githubusercontent.com/openphish/public_feed/refs/heads/main/feed.txt
https://bet73078.com/,https://raw.githubusercontent.com/openphish/public_feed/refs/heads/main/feed.txt
http://3656799.com/activity.do,https://raw.githubusercontent.com/openphish/public_feed/refs/heads/main/feed.txt
http://zzzzzzbxxxx.weebly.com/,https://raw.githubusercontent.com/openphish/public_feed/refs/heads/main/feed.txt
https://ugf3.softkingvpn.xyz/re3fewa/,https://raw.githubusercontent.com/openphish/public_feed/refs/heads/main/feed.txt
https://ipfs.io/ipfs/bafkreigice5onklxqrnatpb2foy2nz4gabcmfjkfum2gz64qop7fxgldwa,https://raw.githubusercontent.com/openphish/public_feed/refs/heads/main/feed.txt
https://my--sso--itrustcapital-cdn--x--auth.webflow.io/,https://raw.githubusercontent.com/openphish/public_feed/refs/heads/main/feed.txt
https://my--sso-itrustcapital-com-cdn--v--auth.webflow.io/,https://raw.githubusercontent.com/openphish/public_feed/refs/heads/main/feed.txt
https://sso--itrustcapital---com-authh.webflow.io/,https://raw.githubusercontent.com/openphish/public_feed/refs/heads/main/feed.txt
https://home-sso-i-trustcapital-com-auths.webflow.io/,https://raw.githubusercontent.com/openphish/public_feed/refs/heads/main/feed.txt
https://page--sso-itrustcapital.webflow.io/,https://raw.githubusercontent.com/openphish/public_feed/refs/heads/main/feed.txt
https://secure-sso-t-itrustcapital-com-auth.webflow.io/,https://raw.githubusercontent.com/openphish/public_feed/refs/heads/main/feed.txt
https://my--sso-itrustcapital-com-cdn-docs.webflow.io/,https://raw.githubusercontent.com/openphish/public_feed/refs/heads/main/feed.txt
https://sso--i-trustcapital--i-com-autth.webflow.io/,https://raw.githubusercontent.com/openphish/public_feed/refs/heads/main/feed.txt
https://secure----itrustcapital--sso---auth.webflow.io/,https://raw.githubusercontent.com/openphish/public_feed/refs/heads/main/feed.txt
https://sso--ndax-io-sso.webflow.io/,https://raw.githubusercontent.com/openphish/public_feed/refs/heads/main/feed.txt
https://portal-io-ndax-oauth.webflow.io/,https://raw.githubusercontent.com/openphish/public_feed/refs/heads/main/feed.txt
http://shushi-swap--cdn.webflow.io/,https://raw.githubusercontent.com/openphish/public_feed/refs/heads/main/feed.txt
https://my--sso-itrustcapital-com-auth-h.webflow.io/,https://raw.githubusercontent.com/openphish/public_feed/refs/heads/main/feed.txt
https://sso--itrustcapital--verify--auth.webflow.io/,https://raw.githubusercontent.com/openphish/public_feed/refs/heads/main/feed.txt
https://server876.weebly.com/,https://raw.githubusercontent.com/openphish/public_feed/refs/heads/main/feed.txt
https://portal---auuth---ndax--cdn.webflow.io/,https://raw.githubusercontent.com/openphish/public_feed/refs/heads/main/feed.txt
https://sso----w-trustcapital--com--autths.webflow.io/,https://raw.githubusercontent.com/openphish/public_feed/refs/heads/main/feed.txt
https://secure-blockfie-app-auth-cdn.webflow.io/,https://raw.githubusercontent.com/openphish/public_feed/refs/heads/main/feed.txt
https://homepage-blockfiee.webflow.io/,https://raw.githubusercontent.com/openphish/public_feed/refs/heads/main/feed.txt
https://sso---en-netcoins-com-cdn---autth.webflow.io/,https://raw.githubusercontent.com/openphish/public_feed/refs/heads/main/feed.txt
https://start-z-blockfi-cdn.webflow.io/,https://raw.githubusercontent.com/openphish/public_feed/refs/heads/main/feed.txt
https://log-in-ndex.webflow.io/,https://raw.githubusercontent.com/openphish/public_feed/refs/heads/main/feed.txt
http://zcc-18f.pages.dev/,https://raw.githubusercontent.com/openphish/public_feed/refs/heads/main/feed.txt
http://flde-lity.com-jl.bond/security/forgotLogin.html,https://raw.githubusercontent.com/openphish/public_feed/refs/heads/main/feed.txt
http://projects1-k5vf.vercel.app/,https://raw.githubusercontent.com/openphish/public_feed/refs/heads/main/feed.txt
https://tutti.total29011.cfd/twint/1747929996646.0652/,https://raw.githubusercontent.com/openphish/public_feed/refs/heads/main/feed.txt
http://att-service-105301.weeblysite.com/,https://raw.githubusercontent.com/openphish/public_feed/refs/heads/main/feed.txt
https://scdfvgtrtf432.blogspot.com/,https://raw.githubusercontent.com/openphish/public_feed/refs/heads/main/feed.txt
http://home-103465.weeblysite.com/,https://raw.githubusercontent.com/openphish/public_feed/refs/heads/main/feed.txt
https://getmymail.com.au/,https://raw.githubusercontent.com/openphish/public_feed/refs/heads/main/feed.txt
https://groopper.ru/php/GlobalSources/?email=3mail@b.c,https://raw.githubusercontent.com/openphish/public_feed/refs/heads/main/feed.txt
https://flde-lity.com-nn.cyou/security/forgotLogin.html,https://raw.githubusercontent.com/openphish/public_feed/refs/heads/main/feed.txt
https://flde-lity.com-nm.qpon/security/forgotLogin.html,https://raw.githubusercontent.com/openphish/public_feed/refs/heads/main/feed.txt
https://j551001.cc/,https://raw.githubusercontent.com/openphish/public_feed/refs/heads/main/feed.txt
http://flde-lity.com-nv.qpon/security/forgotLogin.html,https://raw.githubusercontent.com/openphish/public_feed/refs/heads/main/feed.txt
http://flde-lity.com-nb.icu/security/forgotLogin.html,https://raw.githubusercontent.com/openphish/public_feed/refs/heads/main/feed.txt
https://flde-lity.com-nt.cyou/security/forgotLogin.html,https://raw.githubusercontent.com/openphish/public_feed/refs/heads/main/feed.txt
https://flde-lity.com-ns.qpon/security/forgotLogin.html,https://raw.githubusercontent.com/openphish/public_feed/refs/heads/main/feed.txt
http://flde-lity.com-nu.cyou/security/forgotLogin.html,https://raw.githubusercontent.com/openphish/public_feed/refs/heads/main/feed.txt
http://flde-lity.com-no.qpon/security/forgotLogin.html,https://raw.githubusercontent.com/openphish/public_feed/refs/heads/main/feed.txt
